# hash	name
# Recovered by CRC32 dictionary-matching every ASCII string constant in FarCry2_server's
# rodata + symbol table against every hash actually seen in a real save's exported
# PersistenceDB tree (byte-exact match, both directions verified via Ghidra MCP over the
# live fc2.gpr project). See reverse/dunia/savegame_format.md for methodology and caveats.
# Name-only: this table does not assert a wire type (see SaveGameFieldCatalog for that).
7A33C5A1	KeyType
4A2D3B32	hidVariables
B083E9A2	ValueType
F2FD440B	hidChildrens
725BF5BD	WorldMatrix
C2905138	isFromArchetype
C4E3A868	OriginalSector
D1518DE3	SectorInfo
680B1866	ForceSpawn
5EAA2145	RelativeTime
71858863	RenderInNearZViewPortID
542EF648	CurrentHealth
5AD5A630	PartType
94DB9129	CollisionSystemGroup
598BA486	StimImmunity
1D4D3D68	hidCanPlayFallingSound
A41CA762	hidWaterSplashTimer
802B3E7F	hidLastVelocity
06C59987	SavedParticleSystems
13BFD179	Ending
B29601DC	InRunningLoop
C583BB97	ExitSignal
A24D60D5	Stopping
BD19DD35	ExecutionBroken
6B6A7AB4	GraphicMatrixToIdentity
A463782E	ScriptCallbackId
0B9CF5A1	hidCallbacks
C9E2DA9C	CurrentStateNode
B5DAEB83	ResId
9C5891A6	TypeId
13B51207	IndependantScanners
E7A12CAE	ExecutionTasks
FDF6BDB9	IndependantTasks
9789D8E4	ExecutionScanners
E98BCA36	IsPrimarySlotRunning
57CBAE47	IsSecondarySlotRunning
35A9F616	ParentSlot
2B0636AE	ReservedBy
83B1F50E	CachedAnchorPosition
EE3FCD0D	IsReady
5276954B	CachedAnchorOrientation
9A721114	Discovered
5BB71939	DirtyTime
18807849	Dirty
13A0677D	RootTransform
E4304C8F	PrecisePosition
7AF9262B	LocalPos
8211A17E	LogicalBind
763C0C93	LocalAngles
3E8ED4BD	CurrentUniqueUserId
58746832	UserID
0C040FC2	SavedLinks
0B9B2920	ResourceEntry
4EDBB4B4	CommandName
7C35DA25	bActive
168096B6	Attachement
71954E8B	BeingUsed
FE1334A5	WielderID
49631075	Terms
4F2563CE	fOpenCounter
5E6B5E56	fCloseCounter
D0A425F9	fTimeSinceOpen
9A7D017C	bOpened
7EAF2617	IsPaused
A124C3EE	External
7158D206	EquipmentID
0C1D54F8	hidListeners
C2B33FCA	EntityRegisteredEvents
810E92B5	RefillAmmoAfterNextEquip
D56EB6C6	CurrentBulletSpread
21FBC812	ConsecutiveShots
8A289C08	RescueIndex
1F3945E1	RememberedAmmoOverflow
46D6D5CE	RememberedAmmoInClip
43141CD7	BuddyIndex
35A14209	PreparedForUse
F3C5A66A	JammingBullet
D7D778B0	AutoReloadOnUnequip
1C97590F	MaxReliability
CC5F30F8	FovOverrideTransitionPercent
E04B85D9	NonScaledDuration
606B06FE	ReactionMoveId
D4D5D195	FovOverrideTransitionTime
ECFA83D3	RequestedSignals
DE99C720	AimAngles
405104DC	StartedCallbackSent
3CE87919	SyncWithEntity
4D71DE08	RequestFinishedCallback
D2A51FBB	IsSyncState
AD196C22	FovOverrideEnabled
519DEE85	UsingLook
30AEB8FF	LastInstigator
E8783C38	FovOverride
7C591934	AimDistance
C366DBCB	CurrentLoop
4A17167B	BarkLookAngles
D31D977E	IsLooping
FC089A85	UsingAim
D08D2D80	UsingBarkLook
8904CA3A	SprintLock
D086398E	FinishingSoonCallback
D56DDCF9	FovOverrideMagnitude
286EE9A7	JumpLock
025B60ED	WorldSpeed
E33218B6	SendChangedEvents
18D075CD	InverseSync
E7524DDF	CurrentTag
F14E2CED	LastWoundStim
CFA98459	selStance
6C884BD5	LoopTimePercent
66A6F845	ROEZone
5611B5B5	CurrentValue
D4C2EB67	BarkLookDistance
ABC70102	AgentBlackboard
822949C7	FirstContact
92AE0E8E	ToErase
F0C12926	AttachementName
61ADD959	FreezeRotation
36D6DC16	PathLength
CEAF7A33	InfBonus
4873AE19	JustStarted
71112D07	SinkType
95DEDD5F	CurrentDoorUser
DFB6594F	hidSinks
63D9A4EB	UsedOnce
9DB3D686	PathInfos
E3A8DC08	LastDoorAction
EBD9B125	NeverDeleteCount
1DF1B331	SimulatedPos
CB158A80	CurrentIndex
85A28473	InvertDirection
51C3AD34	ShapeHandle
D49D25E0	StartingIndex
08CF8706	MapAttachements
14886D30	PhysicsEnabled
62197C5B	PhysWeight
2AD024BF	SyncEntity
3293EC0F	RagdollController
BC50EAD7	CanPushObjects
74D1F15D	OverriddenCollision
F1324203	ForceDisplacementFactor
3583E1C3	GroupOwner
9FCB99F4	BackupGravity
568CFCB9	GhostGroup
62DC1A77	ForceDisplacement
FEFCB34F	bHasBeenSpawned
C7E893D1	MoveModel
195291E4	GroupID
60384C15	bIsGhosted
B4300E18	PillarThresholdCross
B0BB4D33	ZoomFOV
5FF3746B	AllowCameraOffset
D253DCF7	WeaponReadyTimer
BE24AC86	BaseFOV
7293A76A	PreviousArmyMemberState
EF0D27CD	BulletJustMissed
03D6BD2F	LastTimeHurt
2CAB82D1	CurrentGadget
3EAB0963	SavedMoveState
3DCEEF25	IsSpecialMissionBehaviourMerc
7C885E8D	CurrentArmyMemberRoleAction
882E59FC	GotIntuition
4EDFDCCF	DesiredArmyMemberRole
14E08000	EffectiveData
28E3F9FB	ShineLensCounter
87E56709	OutsideWagerLifeTime
B260A40E	PreviousBestTarget
44F10601	RescueSafe
F63FCBCB	LookSensitivityIronSight
7FFF4524	Swimming
9ABF85AC	Props
5D8B170C	PartPos
097F3585	MercBrainST
927DC67F	AiShootMeObjectId
07F502CE	ThreatLevel
1DD1B069	CurrentBestTarget
DA43A756	RescueCooldown
5FAB5D12	DesiredData
E0E22E16	FocusFilter
F113E1A2	DesiredTrack
16DD8BEB	LastGadget
1B5BA6D0	BumpSpeed
70DAE96C	CurrentWeaponEntity
A16D794D	TimeSinceHMRFailure
C360E7CC	CurrentAttackZone
C1FA4F52	PlayingAnim
F5DD6EF1	LastMuzzleFlashTime
3F868DEC	ThreatPriority
C2443351	ReadyForMoveCallback
0948D2C1	ThreatLevelTimeCounter
B98C41F1	AutomaticScriptedScenePrefab
8CF26C00	WeaponPreviousClass
67FE46A7	FuzzyVisibility
7128C41B	DominoDataArray
C9B17B87	LastWeapon
0861602D	FlareCooldown
9529D897	IsSafeHouseMerc
B4B32ABA	ThresholdStartTime
AAD40C39	InitialReinforcementRegionId
C6E34258	AlertLevel
75DFE583	TimeSinceLastShot
86863A38	ContextBeautifier
BCB4F2AC	HealthFailureWhileHealing
67B32A0A	AimingDot
B5107504	LastBlindCombatNotification
6BF9F8FE	CurrentArmyMemberState
F7814B29	WeaponCurrentClass
974AB5D3	BuddyDownEnable
98F537CE	HighestSocialRegionType
09944E10	BoneOffset
14FC1D2F	BumpAngle
4F6E396E	AIInfamyValue
9FB01F30	ThrowGadget
87F4EE8C	AllSocialRegionType
F83711F9	WagerHandle
75A6245E	EquippedTrack
2656233D	BackupEquipments
79180119	ScriptEventOverrideID
365FB07A	InitialStrategicZoneId
0218D2D3	CurrentBuildingId
02453115	TypeBeautifier
B115638A	DesiredGadget
F5EFF361	IsPlayerInAIvsAIZone
106DBC4F	MercBrain
90D341D8	Diving
6E7993E6	DesiredWeapon
A400E618	ReservedEntrance
111BBB48	WeaponLastTransitionTime
8D45B12E	NextAnim
C2760FAD	ThreatLevelCounter
51418659	ClearVisibility
DE35A9A4	HeadUnderwater
89484DE3	IsUsingMountedWeapon
573AF955	AIStressLevel
27F3ACF6	WantToShootHMR
F33A15CC	VariationID2
34C0FDF8	ThreatEventTimeStamp
0F52B174	IntuitionTimer
E34198E0	RescueAttempt
6A40561A	MoveCallbackLayer
8C0EF406	VariationID
2EDD4022	GotoFireRange
C6B20CE5	FirePropagationResistantTimer
2B20BF43	CameraOffsetBlendTime
1EC581E2	AlertLostTargetRushType
C47B2279	WeaponSwitchTo
377F1C3C	TimeOfDeath
0CC9EC48	VehicleFallBackPositions
4BB4591E	IsDead
76E5B840	LookatEntityTargetIds
A3A79A71	GPSEntity
B3056FD2	DiamondReward
62B8EFF2	VehicleFallBackPosTimer
EA120F58	CurrentArmyMemberRole
68FD9EA8	StateDriver
E8E8BE98	DesiredArmyMemberRoleAction
521169FD	MustDieNow
3A7421EB	UseExternalWeapon
6CE65F08	CompletedChallenge
95ECBD17	UnlimitedUse
C2EFCC0A	stopSoundID
CB583E89	soundType
B0101C7E	startSoundID
F798C392	NameID
F5959D76	UseSense
1CCF1DAB	SeatBone
5366AF54	hidSeats
D8DCB219	EntryList
A46D8A2D	SeatEntry
E87CAA32	MountedWeaponID
C707438E	UserState
38910B55	ForceEntryBone
F3706CD3	ForceExit
A557F5F5	SeatType
448ECAE0	ForceAttach
9F439521	ReinforcementCounter
50A047B9	IsStarted
C5280373	RealDelay
FB96957B	IsBuddyDownActive
AB78C0EF	DelaySlot
7BE05FA6	hidDelays
9071B4F1	SpawnedProjID
6C19E1E7	LoadedProjectile
B6FDAAD0	BackfireStimCounter
6FA86558	ProjStatus
45E6A508	ShootBoneIndex
DB6AFD20	bTacticals
E7EC856A	LaunchedProjectiles
E4E55C5B	bSupplies
17066949	bVehicles
8A275458	bPlayerInside
0EBB9D15	BackfireCounter
802AB14E	PlayingMalfunctionSound
596D509D	Destroyed
726E085B	StoppingExecutor
9FD1D101	StpDuration
049A0ECF	SwitchingWeaponSocial
720BCF80	StpDurationTimer
BC7394E2	HasSyncAction
FB988CFF	CallSetupMoveToDynamics
22843006	SecondarySlotId
68EC4128	SmartTerrainId
24984D05	MovingToSmartTerrain
0795AE17	SecondarySlotReserved
CC13A35D	MidBarkPlayed
3A4CAA81	OutroBarkPlayed
43F33BA3	SwitchWeaponPlan
062C09C2	ParentSlotStarted
5392C320	SwitchedWeapon
BD566935	SmartTerrainStarted
0D5C8DFD	CurrentActionIndex
79700977	SmartTerrainWorkspace
A667CA4A	SwitchedWeaponSocial
70BA5DF1	SocialPlanName
C654BEC7	SwitchingWeapon
008ED392	SecondarySlotReady
DAA18B02	ChanceToDie
C7BE06A6	HasPlayedSecondDegen
AB375ECA	UnarmedSpawn
D2182CDD	SetToBeRemoved
9664A192	RequestedMoveStateID
0CA43F0E	SpawnPointId
0F5B77B3	CanBeSavedFromBuddyDown
013B899B	UsedToBePrimary
F6E9C2A7	mainAvatarArchetype
12DCAA9C	ArchEntity
197D2FFC	Subverted
09A8E9CD	CompletionOrder
A5424F41	SpawnLayer
F6639A1D	Trigger2
E8DDCFE4	UsedToBeRescue
40E82411	HistoryPoints
6F6ACBA7	Trigger1
5CE9F654	CheckTimer
3CA03B3B	PlayerAvatar
9E530588	BuddyLives
25E79B36	HeardBriefing
F0D37D59	UnarmedArchetype
DB97635A	SidequestState
8C7AB542	HasPlayedFirstDegen
15326F21	iCurrentState
0F409EB6	fCurrentHeat
68F4D064	MoveToPlan
5FD86D04	userID
9D195730	PivotRotation
51456828	weaponID
05278ED8	controllerPhysState
5B8908F9	bOverheated
0752F090	fCoolDownCounter
5DA3CB45	RepairSpot
F9D2A7D1	CurrentParticle
48C1B498	GaugeRPMBaseRot
CAD88C5B	FireTimer
8402C380	CurrentSound0
D3D0C4CC	EngineState
0471C380	HasSentEngagedMessage
C384996A	HoodBone
30897877	IsPlayerInRegion
917272B4	GaugeSpeedBoneName
0A479A09	VehicleOnStandby
DAB3AB6B	EngineFireStimTimer
F21DCA7D	EngineStartTimer
1AC9BD4A	AcceptGunnerBlocked
ABFD2119	UserRolePriority
7560A6B5	GaugeRPMBoneName
54DABE14	GaugeSpeedBaseRot
77FA5254	ArmyLinkList
B4C60924	SavedParts
DA8C5A80	VehicleLieutenant
10E323A1	VelocityOverrideEnabled
1DBC4DDD	IsInDesert
D6470F32	CurrentVehicleMemberState
A5D3E4AD	GaugeSpeedBoneIndex
F305F316	CurrentSound1
1EDC39D4	CanExplode
B41A9BAA	nInstantExplosionCrushHealth
6AB8E447	PendingSlaveCount
2CDFC5A6	SeatState
9B518F42	LastNbSlaves
0D930D58	HealthDamageEnabled
55B46E53	CondemnedGunnerDelay
33F434CC	RunOverSoundPlayed
8E8785E1	ExplosionTimer
D230C6EF	GaugeRPMBoneIndex
6D9E37CB	AllowHeadLights
C3013FF3	SavedSlaveList
772D2C3F	CanTriggerExplosion
5A95D384	HasSentFailureMessage
40B130EF	HasEnemyBeenInsideRegion
CC42051B	OwnerArmy
3FF4FC69	HasSentSuccessMessage
D1D70E41	RepairBone
DC17C7AB	EnableUse
D1D32EAC	NeedToBeAttached
D8E983DC	PausingStartTime
980EC519	RotAngle
B2182546	AngleFrom
5ACAC12D	AngleTo
2A8A06CF	ShortestAngleDif
D9627A73	DesiredLook
04CC6544	PauseTime
5A07C886	Pausing
E3F66544	SocialRegionState
DD86E933	iAmmoCount
4B6A7641	bAlreadySpawned
6AD650E1	EntityEvents
C298215A	LuaState
90D21E38	StartRagdoll
3E1BF2B3	SavedRagdoll
884F4E12	hidParams
A9C48191	EventSentCallbackId
CBE147E3	bNeverPicked
45569AED	StartInactive
A9F58383	ScriptedSceneStarted
6223ACEE	NearZOverride
AF899907	bIsLowDesert
45DE04E8	ExternalParticipants
51A0A83A	ScriptedEventCollisionGroup
F2E6A563	iSectorID
A3AD366B	iWorld
FB5FBFD3	DesertInfoEntry
E0895708	SimpleAnimParticipants
0CE75320	bIsHighDesert
D85958B4	PathWalkTotal
BDD0BB3A	FollowPathState
0F198FB0	DistanceToTarget
9960EE0A	WagerRegions
03C583FF	StopMovingUponArrival
B7998839	PathWalkSoFar
20EEF943	StartingPos
5A120998	CollectiveBlackboard
5964181B	LastDirection
FCC31EA5	CurrentPoint
8965F25C	DesiredMoveDir
B8397B06	NotMovingTimeoutTimer
C2FDF6AF	PathSegmentWalkSoFar
5F11AB3A	IsInFinalDeceleration
B17FD8CA	SocialPlan
D8F3D7E2	DeadTargets
E195049E	FuzzyTargets
1D1EF0E6	MapOverrides
698CEAB0	SpecialMissionBehaviour
09D7935F	ClearTargets
0BBA96C2	SpawnedReinforcementRecently
02B24256	SavedEffects
744AFB1D	PierceDamageCumulatedSoFar
CC05196D	IsInDistanceSense
429114E1	SocialProximitySense
F9B368BC	CurrentRangeIndex
FC54B85B	ArmyMemberIsInDistance
9CECC1ED	RaisedWeaponSense
22D59D7E	CurrentRangeX
55D2ADE8	CurrentRangeY
58AE85DC	AimingAtSense
2D30A568	CurrentColor
C73D7515	ReceivedAPierceStimBefore
76DF3FC2	SocialCombatDetected
BFC093DC	ArrowsVisible
3620B164	AimAtTimer
00ED6093	PlayerVisibilitySense
97AFB3D7	StaringSense
C186AA7A	IsCalled
3DAE89B3	FxIntensity
C6CBB49F	BuddyID
F88BF933	DirectFadeIndex
D898223A	LibStart
CF9E6F42	EndingPatrol
94D6BEC9	PropName
EEC5A087	BetrayedCount
E3153A2D	FirstPointReachedFact
98432DAB	EntityList
36218E12	EntityCreatedByMonitor
7C411272	PatrolPathFollower
09B00E73	FocusEntityID
6A0471BF	CradleGunAwayTimer
C773CBB1	WINNING_FACTION_HELPER_WARLORD
EB99055B	BuddySpawnPositionActual
EFC8564A	TimeElapsedOutsideBubble
62E59D0E	KeyLocations
85924394	bNextMinorAttackIsForced
DB9F9C0E	ASSIGNED_A2SM06
F8CBB14F	ASSIGNED_A1BU01
4B370F18	CurrentAct
17E5DF06	CurrentMissionID
23F03A5D	DiamondsData
6A565A6D	AbsolutePresets
4A4EE2BB	fTimeSinceLastTimedSomeoneTalked
A68DC4D3	MISSION_BUDDY_A2SM08
DA9F1E07	CurrentMissionInfo
E9803D99	Ringing
ACFAF55B	DefenceReversalActive
9AC66066	TeleportPMSCharacterCount
D8D23D6D	CumulatedDays
2D24A656	NoiseFOVTimeCount
7C74AB3F	ActiveFloatingTutorialMBoxId
19F90D6A	NextAIObjectID
2793C904	RelativePresets
79215F2E	WINNING_FACTION_BOSS
90FA3790	RedArmy
3E9311AC	TeleportMercSignal
64B57B51	HealWhenExit
7C004DDE	WINNING_FACTION_A1
5B8451A5	ExitPos
619ABB9A	CameraMonitor
4932FF17	DesertInfoOverride
88A145C0	ASSIGNED_A1BU04
1C6CE07B	ListId
83B42C61	GrenadeCount
3D2D5B15	m_lastStandByConfusionResponseState
C195459A	RestoreActionMap
205CDC6A	DiamondPay
7A43E9E9	PendingPhoneCall
830750C5	m_lastNoiseState
26DA8316	NextRequestedEvent
B9373A69	MISSION_BUDDY_A2LM10
FCFF571F	LuaGlobals
F4CB216E	fAttachVisibleCounter
3033A0BE	PRIMARY_BUDDY_NAME
9C44B3A3	CampaignSave
3F72F334	CurrentLockAnimationResource
56086EAA	ASSIGNED_A2BU07
CE300AFF	MISSION_BUDDY_A2LM11
666E7FAA	GameplayManagement
8DD0188D	FIRST_LT_FACTION
2D306A22	LastHealthKeyframe
4000F43C	CurrentNbOfAttack
16C5D063	ASSIGNED_A1BU03
78E2170E	MonocularEquipped
AF3B88F8	MISSION_BUDDY_A2SM04
58C26D3F	bSwitch
210F5E3C	ASSIGNED_A2BU06
1978D4D8	FloatingMessageTag
711CE1CB	LastHudValues
908B416E	MISSION_BUDDY_A1LM01
15B9A166	CompletedChallenges
76FF678B	MISSION_BUDDY_A1SM03
FC47A09F	MISSION_BUDDY_A3SM15
CB5F625D	RescueBuddySpawned
AEF7831A	MISSION_BUDDY_A2LM08
5EC77161	NoiseFOVCurrent
B8303582	ShowCrosshair
569E197B	DownBuddiesID
A9E548DF	GhostGroups
EF5570E2	CurrentAttackType
52DD76BE	MainHud
8B409009	MISSION_BUDDY_A3SM14
ECDBD758	IsWaitingForBuddySpawn
61C7ED3C	fBurnDamage
2CCF976A	AttachVisibleEntity
C6641068	ExitRot
D83CB86E	MISSION_BUDDY_A2SM05
B4685672	MissionList
DBCBB89B	DiamondMarkers
B12DCA5E	LastNbSyringes
76E51FCA	CurrentActionMap
D2CDFEEE	NoiseFOVEnabled
0FBA9384	Implementation
349AF18F	WaitingForBuddyTeleport
C9B5374D	RescueBuddyId
8052924F	PGPUnlocked
01F8571D	MISSION_BUDDY_A1SM02
DBCE9787	ChangingLevel
C03A1519	RescueRequest
90728AA7	IsWaitingForActivate
0BA4F616	NextEntry
1EDD3266	UsedInteraction
34FD3FE6	CompassEntity
A50BD4FD	ObjectiveStatesToBlock
C95D3DE6	LastWeaponName
310790B8	SystemGroups
455EC56C	LOSING_FACTION_A1
A8859F80	hidRetainedEvents
1C8A6103	BuddyManagement
2CE72EC0	LockedWeaponWater
7DF4EF8E	SideMissions
735997E1	GiveBetrayalInfamy
458AF869	DiamondsInfo
B11D4221	CommandMap
A85E64B8	m_lastCloseRangeConfusionResponseState
E3D9A7E2	SECOND_LT
E170C491	IsRaining
365514C1	NextRequestedEntry
B5337ECE	WorldDiamonds
826EBB67	LastCompletedMission
D27446A8	PersistenceDB
10C82906	bIgnoreForceHeal
0768C7DF	LOSING_FACTION_HELPER_A2
098210D4	MISSION_BUDDY_A1LM02
4135E9D4	MISSION_BUDDY_A2SM06
484C08E7	InventoryPackDifficultyLevel
D16898D8	WINNING_FACTION_HELPER_A1
58E0A53A	PlayingSequences
57034B6C	GrenadeType
4C3EB65B	staminaFXDrain
294D5951	MonocularEntity
9F34362F	MissionTime
B5AE72FC	TimeElapsedInAttack
61C2E0F5	ASSIGNED_A1BU02
C5E60733	BlueArmy
278D7C19	ActiveDZMessageTag
5EBA5A20	bIsInForcedFailure
6E58FF72	LastHealth
6882BD90	TerminalPlayer
84DF1371	InputController
9599F251	MissionManagement
8F62D0FC	MapType
1E922502	EntryHandle
1BA9871A	SECONDARY_BUDDY_NAME
40FF9EB5	PlayerID
48756077	IndexKeyLocation
A64643B0	DelayBeforeRegen
DC3FFBDE	TimeElapsedSinceLastDamage
BDAAA399	CurrentMarkers
398E1501	staminaFXNearZero
C1D4D64C	SavedActiveChallenges
00750FA5	EntryRot
EB210589	LastSector
28846E11	ActiveCamera
FB2A6486	MISSION_BUDDY_A3SM11
7F554DD1	LastInfamyProgressionLevelDisplayed
E4E93822	UnlockedItems
6B421D06	BoughtItems
84922935	BaseInfamyReward_Red
141D3CE3	CompletedGrinMissions
6AF4F42B	WinningFaction_Act1
B553185C	InsideTerminalFOV
A44B257E	PickedUpAmmo
7A878B99	MapDesired
CD282EF6	LOSING_FACTION_LT
10A3386C	JackalTapes
9F60B705	FIRST_LT_WARLORD
51386C4B	RingTriesCount
C2FB5094	CurrentFX
49F2CDE8	CurrentInfamyTime_Red
6223353C	MISSION_BUDDY_A3SM12
2E986426	LOSING_FACTION_WARLORD
17D004D9	staminaActionLock
B46E6B81	EntryRadius
B757ACC8	TeleportBuddyMission_Act2
7EE7517B	NextExit
8EFEB8C4	LastBaseInfamyDisplayed
AAEDA270	DescriptionThreshold2
0EEFD4CD	MISSION_BUDDY_A1LM06
04D42F86	WINNING_FACTION_WARLORD
2873D976	LastPromptName
63D02B8D	WaterLevels
E5091C64	WINNING_FACTION_A2
4CB1A158	LOSING_FACTION_BOSS
9B895292	NextRequestedKillEvent
97E68577	MISSION_BUDDY_A1LM05
1B2B61C1	NextEvent
B1B8D7A7	TeleportSignal
DFA34B91	NextKillEvent
5F4543C8	bBroadcastEnabled
0D4A23E4	NextCallbackID
F3FDA591	WinningFaction_Act2
6F11C160	LOSING_FACTION_HELPER_BOSS
21953794	LastVehicle
AA26DADE	vNoDesertPos
343F7B6B	ActiveDZMessageID
BD401B0A	strState
FE885BB4	MovieSequencesToUnload
6DEEADD8	SafeHouseHandle
A49EBCC9	RemainingPills
33E4F3CA	DescriptionThreshold1
73A4EE5F	DisabledByScripts
5790511E	NextRequestedExit
AC1D5486	DominoDebugEnabled
4D53ADDD	CurrentInfamyTime_Blue
C6B74969	iBaseInfamyLevel
E73078B3	RescueBuddySpawning
3E489E8B	MISSION_BUDDY_A2LM07
5B4FB9BE	ResourceEntries
BD870156	CombatSituation
635C52FD	TimeSinceLastAttack
A4E21EF6	Cameras
1C440A7E	Playing
76F35CD2	FIRST_LT
370BDE93	RingPauseCount
6B5CCD7B	DefenceReversalCallback
5F9B0792	TopLevel
D49CF0F2	ActionMapStack
1BC3E69A	hidRetainedRegisteredEvents
7716861C	ActionMapId
599D2D54	DEFREV_LOCN
23938D64	NeutralArmy
B8060F86	ASSIGNED_A2BU05
68BF1F2E	PlayerMarkerEntity
3535A5C8	hidMalariaAnimationLoaded
A004CA5D	WINNING_HCLEAN_UFLL
D9F0B38C	MISSION_BUDDY_A2LM09
F7E79393	ActiveMissions
57395B45	MISSION_BUDDY_A2LM12
2DF86179	PreviousUpDownValue
40455D98	ForwardToMagma
DA1784AA	fBurnDamageRate
EEEBF7C2	RescueBuddySpawnCallback
2E12B421	StormHour
7E852042	MISSION_BUDDY_A1LM03
D18AF445	MISSION_BUDDY_A2SM09
988A13DB	CompletedConvoyMissions
811709EB	ASSIGNED_A1BU08
AE26D969	FirstStoryMissionCompleted
C5B09C61	GhostDB
B7CB1862	LOSING_FACTION_HELPER_WARLORD
FF4C81D0	ChSynIdx
FD70EF1B	CurrentSequence
200F0EBB	ExitHandle
7ADE84AA	NoiseFOVTarget
45140291	SWITCH_FACTION_BOSS
264830AA	TeleportPlayerPos
152405AA	MISSION_BUDDY_A3SM13
C7F8368C	WindOverideEnable
669AA24E	fBurnDamageMax
DD0FEBD1	RequestLockAnimationResource
AD6EFA19	InitalTestDone
FCFAD692	WINNING_HCLEAN_APR
26FCB23F	START_FACTION_BOSS
EF92A722	IsScriptedDeath
CAED9ABE	RescueBuddyChangedCallback
4FB3DDFF	SavedMapTexture
1C2196DC	GreyArmy
6B7BF3BD	MissionsSinceBuddyUnlock
35AF4C67	CompletedAssassinationMissions
36445026	idGenerator
E0E1B5E1	MISSION_BUDDY_A1LM04
9584D361	InfamyProgressionLevel
D67EE5C5	RequestedFXs
83F460A2	EntryIsSEPDynamic
83FFCD90	EventMercToKill
78094603	PendingStartId
DC5794D6	LOSING_FACTION_A2
5C9BE4A1	m_lastInterestState
187C41BF	PartnerTapes
8D42A396	ShouldPlayerBeKilled
9E619665	LOSING_FACTION_HELPER_A1
8D000796	WeaponKills
2E5EFD72	TeleportBuddyMission_Act1
9D954E68	EntryPos
DE4D52C6	bHealMalariaFirst
F666F524	ScriptedAIModeEnabled
F9457CDE	CuSynIdx
432EC4E9	HeardGreetings_Red
4CB19856	MiSynIdx
3632D942	MISSION_BUDDY_A2SM07
79951428	PhoneCallReceived
DDEA92E6	DescriptionThreshold3
6F3BAC41	MessageDelayCount
D1B5ABE3	SECOND_LT_FACTION
5F768173	PlayerDied
362B464F	CradleGunIdleTimer
201176A3	RainEvaluator
B5FC6350	BaseInfamyReward_Blue
73F55A61	IsSunLight
3A8909F7	LastDiamondCount
305F70C8	bOnDesertZone
64FC3287	TeleportPMSRandValue
C484473B	FactionSwitchCnt
4C0D7CC6	TravelfadeOutTimer
136ABEB8	m_lastStandByDisorganizedResponseState
4861C962	WINNING_FACTION_HELPER_A2
195B4592	NearPickupPile
AAC1A11D	PreviousLeftRightValue
CD643FBC	iNbOfDaysInThisWorld
3A5E4142	HeardGreetings_Blue
3D6CE13B	RandCoverage
B9A2F1D7	IsBuddyBetrayal
4C0A9078	Listeners
4B8B3121	Callbacks
7BCD1A71	Delays
0A3AFFB2	Variables
B2EA808B	Childrens
F2F38E4F	Sinks
B50DD1C5	Visible
47AEB4FF	Velocity
F40CCD04	Enable
016DB2D0	Loop
0C57B384	StartTime
64A3FDE0	LifeTime
7414FA07	Invincible
053D48B3	Term
E09CB0F3	Running
9593B92A	VisibilityNodes
F24C741B	Task
258E5213	TaskName
5FDACBA0	Mission
CAC46EBE	Flags
E8F53F7A	CurrentState
33D8746B	Function
0DC15C5D	Data
0A2FBE8B	SingleFact
BF298A20	Item
C013F423	TargetId
DE8B019C	AIObjectID
B4D48994	Reserved
962C25EF	Handle
DC43B23E	MaxAmmo
8D533E84	UnlimitedAmmo
4177D348	Command
C729B208	StateIndex
6D97690D	Resources
2FE3C4B9	OwnerId
2DA17977	User
542B527C	Events
0C3C8F59	Slot
790009E3	Message
0926AF6B	Updated
5B5D22F6	Indestructible
69F44BD4	AutoReload
B809DECD	Completed
F917AD08	JamCounter
2BCD1DB0	AmmoInClip
7F29E296	Duration
AC016BC1	Group
5EB87A8B	Start
F38C39DA	LookDistance
C799CB65	Anim
724AFF0B	MoveId
079E4085	MaxValue
B010395A	LookAngles
1722D7A2	Track
FB7DD4EB	TargetID
5103E4C6	Participant
0C212F36	army
3A771143	world
CA367725	Contacts
83DFDFA4	Contact
16CA79EF	Driver
D00AFAA7	Rotation
32F5CAB8	Translation
CF96F4AB	Fact
1B869B71	BoneIndex
B85AB17D	Destination
1011CC8D	PathPoints
A8E33E25	FlagField
EAE0B274	Entry
73E7E230	UserType
7B8BEE07	DoorBone
7207A985	Brain
3D0B49D0	Values
95A01C3B	Gravity
57A035C7	GhostEntity
1BF15200	PlayerState
8551460A	Stance
EB6F67BC	PathFollower
ED7ECDA7	Locked
00615077	Weight
3E1C833C	BonusPlans
F4A6B7D5	Plans
A00712E9	IsPlayer
748DC658	AimStrategy
BF1461DD	AngularSpeed
BFAFD460	Sliding
51E5475A	ProjEscapeType
0BA96DFE	MentalState
BB4D883F	SawSomethingLevel
CFBB7891	BlindCombatLevel
FB58E6B6	LookStrategy
A9C829F2	RescueState
C9B1A4CD	SpecialStrategy
9DE7CED0	Diamond
34835D5E	JumpHeight
FA2C25DE	ApplyDisplacement
20DFC649	Items
E36AC184	ThresholdLevel
F3C772BD	CurrentWeapon
0C81D927	EmotionStrategy
E35CBCC0	LookSensitivity
6DE44026	description
2B36786B	title
3ED90ADF	Tape
5AA649E1	Uses
44186B66	Count
F75B2554	Role
10EFF026	Achievement
667427FB	SystemGroup
0EA1C978	Owner
76B10AEE	TimeOut
4CB9B20C	Faction
19BF7FE8	TimeElapsed
653B538D	Param
E09DE093	FactList
91D100DE	Attached
8E526E33	Throw
24FF05C1	CastShadow
0597A075	BuddyUnlock
7D68F443	Plan
FDDD920D	Rescue
61DFDDD0	Selected
EEA610A5	Kills
D8F8D31A	Primary
0524B2F9	LifeState
C0EB0F74	Gender
64CE1CDF	CheckDistance
F87D7C41	Unlocked
497D7765	Reward
C6D53BC4	Spawned
8F6B9418	Accepted
32C81F5D	RescueActive
DF66A85D	Buddy
5018F116	IsUsable
2E4ADF76	ConvoyOwnerId
C62F8AF2	HandBrake
DB230089	WagerTimer
B4CF6AE7	IsEnabled
7E237854	Seats
4E440563	SlaveList
4CB2F934	Active
53B0C153	First
149B422F	Bones
2BE60BCF	SmokeStarted
0F16B33D	Severity
9FB57F53	Player
BA39D6E4	AnimParticipants
2A92B223	SegmentLength
CCDEA3BD	Pathfind
CFA6377B	Time
ABF0B57D	Sequence
0F5C6AD4	Prop
64AB489F	ScriptCallback
E2D2DACC	Reversed
333DBF78	DiamondCount
411D4BAD	Paused
E5F30F60	Third
3CB0EB33	Camera
B1B3145F	Second
7CAC602A	Status
E7E2897D	ElapsedTime
1C48F8F3	Presets
4E5A7CD9	Betrayed
8E0359E1	FirstPointReached
37F8E895	Mode
EEFFDD3E	CloudOverride
770AE7C6	BuddyDown
EF25E751	PlayerStats
2F6B1120	SicknessLevel
023F791E	DepthOfFieldOverride
0F9DA8E3	MapArmy
53C36A0A	FogOverride
7A0C10FD	BSQMissions
68E4946B	TargetFX
F5F7BA51	AmmoCount
59365930	MissionManager
E2458A59	Entries
690B980F	BaseInfamy
55F80BF2	Challenge
F1DB4529	StoryMission
80D2FB76	BuddyMission
599C3960	DifficultyLevel
33F26644	Names
950287A1	BuddyRescue
4D8C7321	Contents
B4C95890	TimeLeft
09E56173	LightingOverride
5B61D94E	Buddies
C85982E0	WindOverride
7B2BAF46	Started
5AAD83A9	ShowRescueBuddyInMenu
A30165ED	Focus
978BBE78	sndStart
48E8A430	Challenges
C06FCC70	LibraryMission
41B24805	Index
C8D4EB2C	AmmoType
